model,arm,base,budget,task,score
llama3_8b,base,h2o,128,2wikimqa,44.91
llama3_8b,base,h2o,128,gov_report,24.43
llama3_8b,base,h2o,128,hotpotqa,53.46
llama3_8b,base,h2o,128,lcc,58.99
llama3_8b,base,h2o,128,multi_news,23.30
llama3_8b,base,h2o,128,multifieldqa_en,37.57
llama3_8b,base,h2o,128,musique,27.55
llama3_8b,base,h2o,128,narrativeqa,25.12
llama3_8b,base,h2o,128,passage_count,10.00
llama3_8b,base,h2o,128,passage_retrieval_en,98.50
llama3_8b,base,h2o,128,qasper,26.38
llama3_8b,base,h2o,128,qmsum,22.97
llama3_8b,base,h2o,128,repobench,49.58
llama3_8b,base,h2o,128,samsum,38.40
llama3_8b,base,h2o,128,trec,59.50
llama3_8b,base,h2o,128,triviaqa,88.01
llama3_8b,base,h2o,256,2wikimqa,45.93
llama3_8b,base,h2o,256,gov_report,27.05
llama3_8b,base,h2o,256,hotpotqa,54.87
llama3_8b,base,h2o,256,lcc,61.29
llama3_8b,base,h2o,256,multi_news,24.61
llama3_8b,base,h2o,256,multifieldqa_en,44.23
llama3_8b,base,h2o,256,musique,28.52
llama3_8b,base,h2o,256,narrativeqa,26.72
llama3_8b,base,h2o,256,passage_count,10.00
llama3_8b,base,h2o,256,passage_retrieval_en,96.00
llama3_8b,base,h2o,256,qasper,31.79
llama3_8b,base,h2o,256,qmsum,23.29
llama3_8b,base,h2o,256,repobench,51.99
llama3_8b,base,h2o,256,samsum,39.03
llama3_8b,base,h2o,256,trec,64.00
llama3_8b,base,h2o,256,triviaqa,89.23
llama3_8b,base,h2o,1024,2wikimqa,48.09
llama3_8b,base,h2o,1024,gov_report,30.43
llama3_8b,base,h2o,1024,hotpotqa,56.84
llama3_8b,base,h2o,1024,lcc,63.58
llama3_8b,base,h2o,1024,multi_news,26.56
llama3_8b,base,h2o,1024,multifieldqa_en,52.92
llama3_8b,base,h2o,1024,musique,31.25
llama3_8b,base,h2o,1024,narrativeqa,28.28
llama3_8b,base,h2o,1024,passage_count,9.83
llama3_8b,base,h2o,1024,passage_retrieval_en,93.00
llama3_8b,base,h2o,1024,qasper,40.22
llama3_8b,base,h2o,1024,qmsum,24.57
llama3_8b,base,h2o,1024,repobench,56.14
llama3_8b,base,h2o,1024,samsum,41.59
llama3_8b,base,h2o,1024,trec,69.00
llama3_8b,base,h2o,1024,triviaqa,90.04
llama3_8b,base,laprox,128,2wikimqa,47.91
llama3_8b,base,laprox,128,gov_report,19.11
llama3_8b,base,laprox,128,hotpotqa,56.05
llama3_8b,base,laprox,128,lcc,59.58
llama3_8b,base,laprox,128,multi_news,18.82
llama3_8b,base,laprox,128,multifieldqa_en,53.41
llama3_8b,base,laprox,128,musique,29.17
llama3_8b,base,laprox,128,narrativeqa,26.98
llama3_8b,base,laprox,128,passage_count,12.00
llama3_8b,base,laprox,128,passage_retrieval_en,98.00
llama3_8b,base,laprox,128,qasper,27.83
llama3_8b,base,laprox,128,qmsum,22.86
llama3_8b,base,laprox,128,repobench,53.96
llama3_8b,base,laprox,128,samsum,40.66
llama3_8b,base,laprox,128,trec,47.50
llama3_8b,base,laprox,128,triviaqa,88.28
llama3_8b,base,laprox,256,2wikimqa,48.75
llama3_8b,base,laprox,256,gov_report,22.41
llama3_8b,base,laprox,256,hotpotqa,56.74
llama3_8b,base,laprox,256,lcc,63.54
llama3_8b,base,laprox,256,multi_news,21.68
llama3_8b,base,laprox,256,multifieldqa_en,54.57
llama3_8b,base,laprox,256,musique,32.18
llama3_8b,base,laprox,256,narrativeqa,29.12
llama3_8b,base,laprox,256,passage_count,11.80
llama3_8b,base,laprox,256,passage_retrieval_en,99.50
llama3_8b,base,laprox,256,qasper,34.06
llama3_8b,base,laprox,256,qmsum,24.11
llama3_8b,base,laprox,256,repobench,56.51
llama3_8b,base,laprox,256,samsum,41.43
llama3_8b,base,laprox,256,trec,58.00
llama3_8b,base,laprox,256,triviaqa,90.39
llama3_8b,base,laprox,1024,2wikimqa,48.43
llama3_8b,base,laprox,1024,gov_report,27.36
llama3_8b,base,laprox,1024,hotpotqa,57.33
llama3_8b,base,laprox,1024,lcc,64.59
llama3_8b,base,laprox,1024,multi_news,25.60
llama3_8b,base,laprox,1024,multifieldqa_en,56.55
llama3_8b,base,laprox,1024,musique,32.40
llama3_8b,base,laprox,1024,narrativeqa,29.52
llama3_8b,base,laprox,1024,passage_count,11.79
llama3_8b,base,laprox,1024,passage_retrieval_en,99.50
llama3_8b,base,laprox,1024,qasper,43.42
llama3_8b,base,laprox,1024,qmsum,24.58
llama3_8b,base,laprox,1024,repobench,58.00
llama3_8b,base,laprox,1024,samsum,42.75
llama3_8b,base,laprox,1024,trec,68.00
llama3_8b,base,laprox,1024,triviaqa,91.31
llama3_8b,base,lava,128,2wikimqa,45.22
llama3_8b,base,lava,128,gov_report,20.41
llama3_8b,base,lava,128,hotpotqa,55.99
llama3_8b,base,lava,128,lcc,60.87
llama3_8b,base,lava,128,multi_news,19.82
llama3_8b,base,lava,128,multifieldqa_en,51.31
llama3_8b,base,lava,128,musique,28.18
llama3_8b,base,lava,128,narrativeqa,27.22
llama3_8b,base,lava,128,passage_count,11.83
llama3_8b,base,lava,128,passage_retrieval_en,99.25
llama3_8b,base,lava,128,qasper,26.06
llama3_8b,base,lava,128,qmsum,23.50
llama3_8b,base,lava,128,repobench,55.05
llama3_8b,base,lava,128,samsum,40.68
llama3_8b,base,lava,128,trec,46.50
llama3_8b,base,lava,128,triviaqa,90.17
llama3_8b,base,lava,256,2wikimqa,46.78
llama3_8b,base,lava,256,gov_report,23.11
llama3_8b,base,lava,256,hotpotqa,56.82
llama3_8b,base,lava,256,lcc,62.93
llama3_8b,base,lava,256,multi_news,21.99
llama3_8b,base,lava,256,multifieldqa_en,55.42
llama3_8b,base,lava,256,musique,30.30
llama3_8b,base,lava,256,narrativeqa,25.87
llama3_8b,base,lava,256,passage_count,11.75
llama3_8b,base,lava,256,passage_retrieval_en,100.00
llama3_8b,base,lava,256,qasper,34.63
llama3_8b,base,lava,256,qmsum,23.59
llama3_8b,base,lava,256,repobench,56.71
llama3_8b,base,lava,256,samsum,41.74
llama3_8b,base,lava,256,trec,62.50
llama3_8b,base,lava,256,triviaqa,91.61
llama3_8b,base,lava,1024,2wikimqa,48.31
llama3_8b,base,lava,1024,gov_report,27.55
llama3_8b,base,lava,1024,hotpotqa,57.87
llama3_8b,base,lava,1024,lcc,64.33
llama3_8b,base,lava,1024,multi_news,25.57
llama3_8b,base,lava,1024,multifieldqa_en,55.26
llama3_8b,base,lava,1024,musique,32.07
llama3_8b,base,lava,1024,narrativeqa,30.13
llama3_8b,base,lava,1024,passage_count,11.58
llama3_8b,base,lava,1024,passage_retrieval_en,100.00
llama3_8b,base,lava,1024,qasper,43.75
llama3_8b,base,lava,1024,qmsum,24.71
llama3_8b,base,lava,1024,repobench,58.77
llama3_8b,base,lava,1024,samsum,42.44
llama3_8b,base,lava,1024,trec,72.00
llama3_8b,base,lava,1024,triviaqa,91.89
llama3_8b,base,rkv,128,2wikimqa,47.57
llama3_8b,base,rkv,128,gov_report,21.38
llama3_8b,base,rkv,128,hotpotqa,54.87
llama3_8b,base,rkv,128,lcc,59.89
llama3_8b,base,rkv,128,multi_news,20.23
llama3_8b,base,rkv,128,multifieldqa_en,53.12
llama3_8b,base,rkv,128,musique,30.29
llama3_8b,base,rkv,128,narrativeqa,26.69
llama3_8b,base,rkv,128,passage_count,12.00
llama3_8b,base,rkv,128,passage_retrieval_en,99.00
llama3_8b,base,rkv,128,qasper,28.45
llama3_8b,base,rkv,128,qmsum,22.90
llama3_8b,base,rkv,128,repobench,51.80
llama3_8b,base,rkv,128,samsum,40.74
llama3_8b,base,rkv,128,trec,60.50
llama3_8b,base,rkv,128,triviaqa,91.10
llama3_8b,base,rkv,256,2wikimqa,47.39
llama3_8b,base,rkv,256,gov_report,23.66
llama3_8b,base,rkv,256,hotpotqa,56.15
llama3_8b,base,rkv,256,lcc,61.34
llama3_8b,base,rkv,256,multi_news,22.79
llama3_8b,base,rkv,256,multifieldqa_en,54.54
llama3_8b,base,rkv,256,musique,31.27
llama3_8b,base,rkv,256,narrativeqa,28.94
llama3_8b,base,rkv,256,passage_count,11.75
llama3_8b,base,rkv,256,passage_retrieval_en,100.00
llama3_8b,base,rkv,256,qasper,34.75
llama3_8b,base,rkv,256,qmsum,23.48
llama3_8b,base,rkv,256,repobench,54.43
llama3_8b,base,rkv,256,samsum,41.88
llama3_8b,base,rkv,256,trec,65.50
llama3_8b,base,rkv,256,triviaqa,91.53
llama3_8b,base,rkv,1024,2wikimqa,48.13
llama3_8b,base,rkv,1024,gov_report,28.50
llama3_8b,base,rkv,1024,hotpotqa,57.17
llama3_8b,base,rkv,1024,lcc,63.59
llama3_8b,base,rkv,1024,multi_news,25.70
llama3_8b,base,rkv,1024,multifieldqa_en,56.40
llama3_8b,base,rkv,1024,musique,32.62
llama3_8b,base,rkv,1024,narrativeqa,29.48
llama3_8b,base,rkv,1024,passage_count,11.62
llama3_8b,base,rkv,1024,passage_retrieval_en,99.50
llama3_8b,base,rkv,1024,qasper,42.74
llama3_8b,base,rkv,1024,qmsum,24.69
llama3_8b,base,rkv,1024,repobench,57.31
llama3_8b,base,rkv,1024,samsum,43.18
llama3_8b,base,rkv,1024,trec,71.50
llama3_8b,base,rkv,1024,triviaqa,91.72
llama3_8b,base,snapkv,128,2wikimqa,46.22
llama3_8b,base,snapkv,128,gov_report,18.68
llama3_8b,base,snapkv,128,hotpotqa,55.98
llama3_8b,base,snapkv,128,lcc,59.34
llama3_8b,base,snapkv,128,multi_news,18.86
llama3_8b,base,snapkv,128,multifieldqa_en,49.44
llama3_8b,base,snapkv,128,musique,28.08
llama3_8b,base,snapkv,128,narrativeqa,24.40
llama3_8b,base,snapkv,128,passage_count,12.00
llama3_8b,base,snapkv,128,passage_retrieval_en,98.00
llama3_8b,base,snapkv,128,qasper,25.15
llama3_8b,base,snapkv,128,qmsum,22.93
llama3_8b,base,snapkv,128,repobench,52.83
llama3_8b,base,snapkv,128,samsum,40.23
llama3_8b,base,snapkv,128,trec,47.00
llama3_8b,base,snapkv,128,triviaqa,89.33
llama3_8b,base,snapkv,256,2wikimqa,47.76
llama3_8b,base,snapkv,256,gov_report,21.58
llama3_8b,base,snapkv,256,hotpotqa,57.38
llama3_8b,base,snapkv,256,lcc,61.90
llama3_8b,base,snapkv,256,multi_news,21.71
llama3_8b,base,snapkv,256,multifieldqa_en,54.03
llama3_8b,base,snapkv,256,musique,29.53
llama3_8b,base,snapkv,256,narrativeqa,26.71
llama3_8b,base,snapkv,256,passage_count,11.83
llama3_8b,base,snapkv,256,passage_retrieval_en,99.50
llama3_8b,base,snapkv,256,qasper,31.76
llama3_8b,base,snapkv,256,qmsum,24.22
llama3_8b,base,snapkv,256,repobench,55.71
llama3_8b,base,snapkv,256,samsum,41.08
llama3_8b,base,snapkv,256,trec,55.00
llama3_8b,base,snapkv,256,triviaqa,91.58
llama3_8b,base,snapkv,1024,2wikimqa,48.76
llama3_8b,base,snapkv,1024,gov_report,27.15
llama3_8b,base,snapkv,1024,hotpotqa,57.61
llama3_8b,base,snapkv,1024,lcc,63.62
llama3_8b,base,snapkv,1024,multi_news,25.36
llama3_8b,base,snapkv,1024,multifieldqa_en,56.53
llama3_8b,base,snapkv,1024,musique,32.13
llama3_8b,base,snapkv,1024,narrativeqa,30.74
llama3_8b,base,snapkv,1024,passage_count,11.71
llama3_8b,base,snapkv,1024,passage_retrieval_en,100.00
llama3_8b,base,snapkv,1024,qasper,42.53
llama3_8b,base,snapkv,1024,qmsum,24.28
llama3_8b,base,snapkv,1024,repobench,58.16
llama3_8b,base,snapkv,1024,samsum,42.13
llama3_8b,base,snapkv,1024,trec,69.00
llama3_8b,base,snapkv,1024,triviaqa,91.77
llama3_8b,cache_select,snapkv,128,2wikimqa,46.74
llama3_8b,cache_select,snapkv,128,gov_report,21.52
llama3_8b,cache_select,snapkv,128,hotpotqa,55.71
llama3_8b,cache_select,snapkv,128,lcc,59.44
llama3_8b,cache_select,snapkv,128,multi_news,21.36
llama3_8b,cache_select,snapkv,128,multifieldqa_en,48.58
llama3_8b,cache_select,snapkv,128,musique,28.04
llama3_8b,cache_select,snapkv,128,narrativeqa,27.11
llama3_8b,cache_select,snapkv,128,passage_count,12.00
llama3_8b,cache_select,snapkv,128,passage_retrieval_en,98.50
llama3_8b,cache_select,snapkv,128,qasper,24.26
llama3_8b,cache_select,snapkv,128,qmsum,22.64
llama3_8b,cache_select,snapkv,128,repobench,52.24
llama3_8b,cache_select,snapkv,128,samsum,40.62
llama3_8b,cache_select,snapkv,128,trec,48.50
llama3_8b,cache_select,snapkv,128,triviaqa,89.23
llama3_8b,dense,,0,2wikimqa,48.69
llama3_8b,dense,,0,gov_report,34.70
llama3_8b,dense,,0,hotpotqa,57.61
llama3_8b,dense,,0,lcc,64.79
llama3_8b,dense,,0,multi_news,26.88
llama3_8b,dense,,0,multifieldqa_en,55.61
llama3_8b,dense,,0,musique,33.76
llama3_8b,dense,,0,narrativeqa,29.74
llama3_8b,dense,,0,passage_count,10.10
llama3_8b,dense,,0,passage_retrieval_en,100.00
llama3_8b,dense,,0,qasper,44.96
llama3_8b,dense,,0,qmsum,25.40
llama3_8b,dense,,0,repobench,58.89
llama3_8b,dense,,0,samsum,43.92
llama3_8b,dense,,0,trec,72.50
llama3_8b,dense,,0,triviaqa,91.66
llama3_8b,foresightkv,,128,2wikimqa,44.74
llama3_8b,foresightkv,,128,gov_report,22.32
llama3_8b,foresightkv,,128,hotpotqa,50.86
llama3_8b,foresightkv,,128,lcc,55.87
llama3_8b,foresightkv,,128,multi_news,21.78
llama3_8b,foresightkv,,128,multifieldqa_en,33.36
llama3_8b,foresightkv,,128,musique,25.53
llama3_8b,foresightkv,,128,narrativeqa,24.82
llama3_8b,foresightkv,,128,passage_count,12.00
llama3_8b,foresightkv,,128,passage_retrieval_en,95.50
llama3_8b,foresightkv,,128,qasper,21.88
llama3_8b,foresightkv,,128,qmsum,22.19
llama3_8b,foresightkv,,128,repobench,48.92
llama3_8b,foresightkv,,128,samsum,39.00
llama3_8b,foresightkv,,128,trec,41.00
llama3_8b,foresightkv,,128,triviaqa,87.10
llama3_8b,fullfuture,h2o,128,2wikimqa,46.99
llama3_8b,fullfuture,h2o,128,gov_report,20.54
llama3_8b,fullfuture,h2o,128,hotpotqa,56.15
llama3_8b,fullfuture,h2o,128,lcc,57.95
llama3_8b,fullfuture,h2o,128,multi_news,20.89
llama3_8b,fullfuture,h2o,128,multifieldqa_en,49.44
llama3_8b,fullfuture,h2o,128,musique,29.38
llama3_8b,fullfuture,h2o,128,narrativeqa,29.60
llama3_8b,fullfuture,h2o,128,passage_count,11.83
llama3_8b,fullfuture,h2o,128,passage_retrieval_en,99.00
llama3_8b,fullfuture,h2o,128,qasper,29.09
llama3_8b,fullfuture,h2o,128,qmsum,23.16
llama3_8b,fullfuture,h2o,128,repobench,50.91
llama3_8b,fullfuture,h2o,128,samsum,37.97
llama3_8b,fullfuture,h2o,128,trec,53.00
llama3_8b,fullfuture,h2o,128,triviaqa,92.28
llama3_8b,fullfuture,laprox,128,2wikimqa,47.24
llama3_8b,fullfuture,laprox,128,gov_report,19.55
llama3_8b,fullfuture,laprox,128,hotpotqa,56.19
llama3_8b,fullfuture,laprox,128,lcc,56.30
llama3_8b,fullfuture,laprox,128,multi_news,19.07
llama3_8b,fullfuture,laprox,128,multifieldqa_en,51.98
llama3_8b,fullfuture,laprox,128,musique,29.09
llama3_8b,fullfuture,laprox,128,narrativeqa,29.74
llama3_8b,fullfuture,laprox,128,passage_count,11.75
llama3_8b,fullfuture,laprox,128,passage_retrieval_en,99.00
llama3_8b,fullfuture,laprox,128,qasper,28.21
llama3_8b,fullfuture,laprox,128,qmsum,22.93
llama3_8b,fullfuture,laprox,128,repobench,51.73
llama3_8b,fullfuture,laprox,128,samsum,39.69
llama3_8b,fullfuture,laprox,128,trec,51.00
llama3_8b,fullfuture,laprox,128,triviaqa,91.37
llama3_8b,fullfuture,lava,128,2wikimqa,47.32
llama3_8b,fullfuture,lava,128,gov_report,20.51
llama3_8b,fullfuture,lava,128,hotpotqa,56.12
llama3_8b,fullfuture,lava,128,lcc,58.09
llama3_8b,fullfuture,lava,128,multi_news,19.38
llama3_8b,fullfuture,lava,128,multifieldqa_en,53.22
llama3_8b,fullfuture,lava,128,musique,29.51
llama3_8b,fullfuture,lava,128,narrativeqa,29.87
llama3_8b,fullfuture,lava,128,passage_count,11.90
llama3_8b,fullfuture,lava,128,passage_retrieval_en,99.00
llama3_8b,fullfuture,lava,128,qasper,29.72
llama3_8b,fullfuture,lava,128,qmsum,23.74
llama3_8b,fullfuture,lava,128,repobench,52.46
llama3_8b,fullfuture,lava,128,samsum,38.94
llama3_8b,fullfuture,lava,128,trec,50.00
llama3_8b,fullfuture,lava,128,triviaqa,91.53
llama3_8b,fullfuture,rkv,128,2wikimqa,48.10
llama3_8b,fullfuture,rkv,128,gov_report,20.81
llama3_8b,fullfuture,rkv,128,hotpotqa,55.94
llama3_8b,fullfuture,rkv,128,lcc,58.46
llama3_8b,fullfuture,rkv,128,multi_news,19.78
llama3_8b,fullfuture,rkv,128,multifieldqa_en,51.96
llama3_8b,fullfuture,rkv,128,musique,29.66
llama3_8b,fullfuture,rkv,128,narrativeqa,29.94
llama3_8b,fullfuture,rkv,128,passage_count,11.83
llama3_8b,fullfuture,rkv,128,passage_retrieval_en,99.00
llama3_8b,fullfuture,rkv,128,qasper,30.11
llama3_8b,fullfuture,rkv,128,qmsum,23.46
llama3_8b,fullfuture,rkv,128,repobench,50.89
llama3_8b,fullfuture,rkv,128,samsum,39.56
llama3_8b,fullfuture,rkv,128,trec,51.50
llama3_8b,fullfuture,rkv,128,triviaqa,91.50
llama3_8b,fullfuture,snapkv,128,2wikimqa,47.21
llama3_8b,fullfuture,snapkv,128,gov_report,20.20
llama3_8b,fullfuture,snapkv,128,hotpotqa,55.57
llama3_8b,fullfuture,snapkv,128,lcc,56.05
llama3_8b,fullfuture,snapkv,128,multi_news,18.82
llama3_8b,fullfuture,snapkv,128,multifieldqa_en,51.20
llama3_8b,fullfuture,snapkv,128,musique,29.54
llama3_8b,fullfuture,snapkv,128,narrativeqa,28.99
llama3_8b,fullfuture,snapkv,128,passage_count,11.83
llama3_8b,fullfuture,snapkv,128,passage_retrieval_en,99.00
llama3_8b,fullfuture,snapkv,128,qasper,28.70
llama3_8b,fullfuture,snapkv,128,qmsum,23.06
llama3_8b,fullfuture,snapkv,128,repobench,50.05
llama3_8b,fullfuture,snapkv,128,samsum,38.53
llama3_8b,fullfuture,snapkv,128,trec,51.50
llama3_8b,fullfuture,snapkv,128,triviaqa,92.03
llama3_8b,fullfuture_gated,h2o,128,2wikimqa,47.25
llama3_8b,fullfuture_gated,h2o,128,gov_report,22.50
llama3_8b,fullfuture_gated,h2o,128,hotpotqa,56.12
llama3_8b,fullfuture_gated,h2o,128,lcc,58.86
llama3_8b,fullfuture_gated,h2o,128,multi_news,22.90
llama3_8b,fullfuture_gated,h2o,128,multifieldqa_en,48.84
llama3_8b,fullfuture_gated,h2o,128,musique,30.18
llama3_8b,fullfuture_gated,h2o,128,passage_count,11.83
llama3_8b,fullfuture_gated,h2o,128,passage_retrieval_en,99.00
llama3_8b,fullfuture_gated,h2o,128,qasper,29.24
llama3_8b,fullfuture_gated,h2o,128,qmsum,23.09
llama3_8b,fullfuture_gated,h2o,128,repobench,50.38
llama3_8b,fullfuture_gated,h2o,128,samsum,39.19
llama3_8b,fullfuture_gated,h2o,128,trec,63.00
llama3_8b,fullfuture_gated,h2o,128,triviaqa,91.86
llama3_8b,fullfuture_gated,laprox,128,2wikimqa,47.96
llama3_8b,fullfuture_gated,laprox,128,gov_report,19.50
llama3_8b,fullfuture_gated,laprox,128,hotpotqa,56.46
llama3_8b,fullfuture_gated,laprox,128,lcc,58.35
llama3_8b,fullfuture_gated,laprox,128,multi_news,19.23
llama3_8b,fullfuture_gated,laprox,128,multifieldqa_en,52.44
llama3_8b,fullfuture_gated,laprox,128,musique,29.91
llama3_8b,fullfuture_gated,laprox,128,narrativeqa,29.85
llama3_8b,fullfuture_gated,laprox,128,passage_count,11.75
llama3_8b,fullfuture_gated,laprox,128,passage_retrieval_en,99.00
llama3_8b,fullfuture_gated,laprox,128,qasper,28.99
llama3_8b,fullfuture_gated,laprox,128,qmsum,22.90
llama3_8b,fullfuture_gated,laprox,128,repobench,52.47
llama3_8b,fullfuture_gated,laprox,128,samsum,39.47
llama3_8b,fullfuture_gated,laprox,128,trec,52.50
llama3_8b,fullfuture_gated,laprox,128,triviaqa,90.39
llama3_8b,fullfuture_gated,lava,128,2wikimqa,47.41
llama3_8b,fullfuture_gated,lava,128,gov_report,20.47
llama3_8b,fullfuture_gated,lava,128,hotpotqa,56.25
llama3_8b,fullfuture_gated,lava,128,lcc,59.44
llama3_8b,fullfuture_gated,lava,128,multi_news,19.77
llama3_8b,fullfuture_gated,lava,128,multifieldqa_en,52.76
llama3_8b,fullfuture_gated,lava,128,musique,29.47
llama3_8b,fullfuture_gated,lava,128,narrativeqa,29.23
llama3_8b,fullfuture_gated,lava,128,passage_count,11.90
llama3_8b,fullfuture_gated,lava,128,passage_retrieval_en,99.50
llama3_8b,fullfuture_gated,lava,128,qasper,29.60
llama3_8b,fullfuture_gated,lava,128,qmsum,23.50
llama3_8b,fullfuture_gated,lava,128,repobench,54.00
llama3_8b,fullfuture_gated,lava,128,samsum,40.33
llama3_8b,fullfuture_gated,lava,128,trec,51.50
llama3_8b,fullfuture_gated,lava,128,triviaqa,91.22
llama3_8b,fullfuture_gated,rkv,128,2wikimqa,47.89
llama3_8b,fullfuture_gated,rkv,128,gov_report,21.06
llama3_8b,fullfuture_gated,rkv,128,hotpotqa,55.75
llama3_8b,fullfuture_gated,rkv,128,lcc,59.74
llama3_8b,fullfuture_gated,rkv,128,multi_news,19.91
llama3_8b,fullfuture_gated,rkv,128,multifieldqa_en,52.16
llama3_8b,fullfuture_gated,rkv,128,musique,30.75
llama3_8b,fullfuture_gated,rkv,128,narrativeqa,28.77
llama3_8b,fullfuture_gated,rkv,128,passage_count,11.83
llama3_8b,fullfuture_gated,rkv,128,passage_retrieval_en,99.00
llama3_8b,fullfuture_gated,rkv,128,qasper,29.42
llama3_8b,fullfuture_gated,rkv,128,qmsum,23.62
llama3_8b,fullfuture_gated,rkv,128,repobench,51.76
llama3_8b,fullfuture_gated,rkv,128,samsum,40.95
llama3_8b,fullfuture_gated,rkv,128,trec,61.00
llama3_8b,fullfuture_gated,rkv,128,triviaqa,90.93
llama3_8b,fullfuture_gated,snapkv,128,2wikimqa,47.34
llama3_8b,fullfuture_gated,snapkv,128,gov_report,20.00
llama3_8b,fullfuture_gated,snapkv,128,hotpotqa,56.69
llama3_8b,fullfuture_gated,snapkv,128,lcc,58.82
llama3_8b,fullfuture_gated,snapkv,128,multi_news,19.02
llama3_8b,fullfuture_gated,snapkv,128,multifieldqa_en,50.83
llama3_8b,fullfuture_gated,snapkv,128,musique,29.74
llama3_8b,fullfuture_gated,snapkv,128,narrativeqa,28.09
llama3_8b,fullfuture_gated,snapkv,128,passage_count,11.83
llama3_8b,fullfuture_gated,snapkv,128,passage_retrieval_en,98.50
llama3_8b,fullfuture_gated,snapkv,128,qasper,28.46
llama3_8b,fullfuture_gated,snapkv,128,qmsum,23.04
llama3_8b,fullfuture_gated,snapkv,128,repobench,51.75
llama3_8b,fullfuture_gated,snapkv,128,samsum,40.83
llama3_8b,fullfuture_gated,snapkv,128,trec,54.50
llama3_8b,fullfuture_gated,snapkv,128,triviaqa,91.42
llama3_8b,kslot16,rkv,128,qasper,30.35
llama3_8b,kslot16,snapkv,128,qasper,27.39
llama3_8b,kslot32,rkv,128,qasper,31.71
llama3_8b,kslot32,rkv,128,trec,61.50
llama3_8b,kslot32,snapkv,128,qasper,29.03
llama3_8b,kslot32,snapkv,128,trec,50.50
llama3_8b,kslot64,rkv,128,qasper,32.74
llama3_8b,kslot64,rkv,128,trec,60.50
llama3_8b,kslot64,snapkv,128,qasper,31.69
llama3_8b,kslot64,snapkv,128,trec,51.50
llama3_8b,lambda4,rkv,128,multifieldqa_en,52.93
llama3_8b,lambda4,rkv,128,qasper,32.95
llama3_8b,lambda4,rkv,128,trec,61.50
llama3_8b,lambda4,snapkv,128,multifieldqa_en,52.35
llama3_8b,lambda4,snapkv,128,qasper,32.42
llama3_8b,lambda4,snapkv,128,trec,52.50
llama3_8b,lookaheadkv,,128,2wikimqa,45.22
llama3_8b,lookaheadkv,,128,gov_report,22.01
llama3_8b,lookaheadkv,,128,hotpotqa,55.19
llama3_8b,lookaheadkv,,128,lcc,56.61
llama3_8b,lookaheadkv,,128,multi_news,21.50
llama3_8b,lookaheadkv,,128,multifieldqa_en,50.59
llama3_8b,lookaheadkv,,128,musique,30.61
llama3_8b,lookaheadkv,,128,narrativeqa,26.76
llama3_8b,lookaheadkv,,128,passage_count,10.00
llama3_8b,lookaheadkv,,128,passage_retrieval_en,99.00
llama3_8b,lookaheadkv,,128,qasper,30.29
llama3_8b,lookaheadkv,,128,qmsum,23.62
llama3_8b,lookaheadkv,,128,repobench,50.54
llama3_8b,lookaheadkv,,128,samsum,40.95
llama3_8b,lookaheadkv,,128,trec,40.00
llama3_8b,lookaheadkv,,128,triviaqa,91.17
llama3_8b,oracle_future,snapkv,128,2wikimqa,49.82
llama3_8b,oracle_future,snapkv,128,gov_report,27.90
llama3_8b,oracle_future,snapkv,128,hotpotqa,57.18
llama3_8b,oracle_future,snapkv,128,lcc,64.37
llama3_8b,oracle_future,snapkv,128,multi_news,24.67
llama3_8b,oracle_future,snapkv,128,multifieldqa_en,55.81
llama3_8b,oracle_future,snapkv,128,musique,31.95
llama3_8b,oracle_future,snapkv,128,narrativeqa,29.43
llama3_8b,oracle_future,snapkv,128,passage_count,11.71
llama3_8b,oracle_future,snapkv,128,passage_retrieval_en,100.00
llama3_8b,oracle_future,snapkv,128,qasper,42.84
llama3_8b,oracle_future,snapkv,128,qmsum,24.73
llama3_8b,oracle_future,snapkv,128,repobench,57.76
llama3_8b,oracle_future,snapkv,128,samsum,42.98
llama3_8b,oracle_future,snapkv,128,trec,72.00
llama3_8b,oracle_future,snapkv,128,triviaqa,91.96
llama3_8b,probe2,laprox,128,2wikimqa,47.98
llama3_8b,probe2,laprox,128,gov_report,20.42
llama3_8b,probe2,laprox,128,hotpotqa,56.10
llama3_8b,probe2,laprox,128,lcc,58.69
llama3_8b,probe2,laprox,128,multi_news,19.33
llama3_8b,probe2,laprox,128,multifieldqa_en,52.56
llama3_8b,probe2,laprox,128,musique,30.04
llama3_8b,probe2,laprox,128,narrativeqa,28.82
llama3_8b,probe2,laprox,128,passage_count,12.00
llama3_8b,probe2,laprox,128,passage_retrieval_en,99.50
llama3_8b,probe2,laprox,128,qasper,33.55
llama3_8b,probe2,laprox,128,qmsum,22.93
llama3_8b,probe2,laprox,128,repobench,53.06
llama3_8b,probe2,laprox,128,samsum,40.32
llama3_8b,probe2,laprox,128,trec,54.50
llama3_8b,probe2,laprox,128,triviaqa,89.37
llama3_8b,probe2,snapkv,128,2wikimqa,46.97
llama3_8b,probe2,snapkv,128,gov_report,20.49
llama3_8b,probe2,snapkv,128,hotpotqa,56.86
llama3_8b,probe2,snapkv,128,lcc,59.49
llama3_8b,probe2,snapkv,128,multi_news,19.53
llama3_8b,probe2,snapkv,128,multifieldqa_en,51.98
llama3_8b,probe2,snapkv,128,musique,30.36
llama3_8b,probe2,snapkv,128,narrativeqa,28.94
llama3_8b,probe2,snapkv,128,passage_count,11.80
llama3_8b,probe2,snapkv,128,passage_retrieval_en,99.50
llama3_8b,probe2,snapkv,128,qasper,33.18
llama3_8b,probe2,snapkv,128,qmsum,22.93
llama3_8b,probe2,snapkv,128,repobench,53.15
llama3_8b,probe2,snapkv,128,samsum,40.44
llama3_8b,probe2,snapkv,128,trec,52.50
llama3_8b,probe2,snapkv,128,triviaqa,90.36
llama3_8b,probe4,laprox,128,2wikimqa,48.02
llama3_8b,probe4,laprox,128,gov_report,20.31
llama3_8b,probe4,laprox,128,hotpotqa,56.21
llama3_8b,probe4,laprox,128,lcc,59.29
llama3_8b,probe4,laprox,128,multi_news,19.50
llama3_8b,probe4,laprox,128,multifieldqa_en,53.13
llama3_8b,probe4,laprox,128,musique,30.30
llama3_8b,probe4,laprox,128,narrativeqa,28.70
llama3_8b,probe4,laprox,128,passage_count,12.00
llama3_8b,probe4,laprox,128,passage_retrieval_en,99.50
llama3_8b,probe4,laprox,128,qasper,34.09
llama3_8b,probe4,laprox,128,qmsum,23.21
llama3_8b,probe4,laprox,128,repobench,53.17
llama3_8b,probe4,laprox,128,samsum,40.29
llama3_8b,probe4,laprox,128,trec,54.00
llama3_8b,probe4,laprox,128,triviaqa,90.94
llama3_8b,probe4,snapkv,128,2wikimqa,47.75
llama3_8b,probe4,snapkv,128,gov_report,20.37
llama3_8b,probe4,snapkv,128,hotpotqa,56.86
llama3_8b,probe4,snapkv,128,lcc,59.23
llama3_8b,probe4,snapkv,128,multi_news,19.64
llama3_8b,probe4,snapkv,128,multifieldqa_en,52.45
llama3_8b,probe4,snapkv,128,musique,30.99
llama3_8b,probe4,snapkv,128,narrativeqa,29.37
llama3_8b,probe4,snapkv,128,passage_count,11.80
llama3_8b,probe4,snapkv,128,passage_retrieval_en,99.50
llama3_8b,probe4,snapkv,128,qasper,33.57
llama3_8b,probe4,snapkv,128,qmsum,23.09
llama3_8b,probe4,snapkv,128,repobench,53.16
llama3_8b,probe4,snapkv,128,samsum,40.04
llama3_8b,probe4,snapkv,128,trec,52.50
llama3_8b,probe4,snapkv,128,triviaqa,90.89
llama3_8b,probe8,laprox,128,2wikimqa,47.92
llama3_8b,probe8,laprox,128,gov_report,20.43
llama3_8b,probe8,laprox,128,hotpotqa,57.02
llama3_8b,probe8,laprox,128,lcc,59.23
llama3_8b,probe8,laprox,128,multi_news,19.70
llama3_8b,probe8,laprox,128,multifieldqa_en,53.09
llama3_8b,probe8,laprox,128,musique,30.38
llama3_8b,probe8,laprox,128,narrativeqa,28.58
llama3_8b,probe8,laprox,128,passage_count,12.00
llama3_8b,probe8,laprox,128,passage_retrieval_en,99.50
llama3_8b,probe8,laprox,128,qasper,34.43
llama3_8b,probe8,laprox,128,qmsum,23.35
llama3_8b,probe8,laprox,128,repobench,52.85
llama3_8b,probe8,laprox,128,samsum,40.25
llama3_8b,probe8,laprox,128,trec,54.00
llama3_8b,probe8,laprox,128,triviaqa,90.31
llama3_8b,probe8,snapkv,128,2wikimqa,47.11
llama3_8b,probe8,snapkv,128,gov_report,20.42
llama3_8b,probe8,snapkv,128,hotpotqa,57.30
llama3_8b,probe8,snapkv,128,lcc,59.81
llama3_8b,probe8,snapkv,128,multi_news,19.62
llama3_8b,probe8,snapkv,128,multifieldqa_en,52.64
llama3_8b,probe8,snapkv,128,musique,30.72
llama3_8b,probe8,snapkv,128,narrativeqa,29.38
llama3_8b,probe8,snapkv,128,passage_count,11.80
llama3_8b,probe8,snapkv,128,passage_retrieval_en,99.50
llama3_8b,probe8,snapkv,128,qasper,34.39
llama3_8b,probe8,snapkv,128,qmsum,23.40
llama3_8b,probe8,snapkv,128,repobench,53.44
llama3_8b,probe8,snapkv,128,samsum,40.15
llama3_8b,probe8,snapkv,128,trec,52.50
llama3_8b,probe8,snapkv,128,triviaqa,89.65
llama3_8b,rescue,h2o,128,2wikimqa,46.69
llama3_8b,rescue,h2o,128,gov_report,22.26
llama3_8b,rescue,h2o,128,hotpotqa,55.64
llama3_8b,rescue,h2o,128,lcc,59.60
llama3_8b,rescue,h2o,128,multi_news,22.35
llama3_8b,rescue,h2o,128,multifieldqa_en,49.72
llama3_8b,rescue,h2o,128,musique,31.15
llama3_8b,rescue,h2o,128,narrativeqa,30.59
llama3_8b,rescue,h2o,128,passage_count,12.00
llama3_8b,rescue,h2o,128,passage_retrieval_en,99.50
llama3_8b,rescue,h2o,128,qasper,30.51
llama3_8b,rescue,h2o,128,qmsum,23.12
llama3_8b,rescue,h2o,128,repobench,51.35
llama3_8b,rescue,h2o,128,samsum,40.72
llama3_8b,rescue,h2o,128,trec,63.50
llama3_8b,rescue,h2o,128,triviaqa,90.50
llama3_8b,rescue,h2o,256,2wikimqa,46.63
llama3_8b,rescue,h2o,256,gov_report,24.15
llama3_8b,rescue,h2o,256,hotpotqa,56.04
llama3_8b,rescue,h2o,256,lcc,61.92
llama3_8b,rescue,h2o,256,multi_news,24.03
llama3_8b,rescue,h2o,256,multifieldqa_en,54.60
llama3_8b,rescue,h2o,256,musique,31.67
llama3_8b,rescue,h2o,256,narrativeqa,29.94
llama3_8b,rescue,h2o,256,passage_count,11.92
llama3_8b,rescue,h2o,256,passage_retrieval_en,99.50
llama3_8b,rescue,h2o,256,qasper,36.70
llama3_8b,rescue,h2o,256,qmsum,23.56
llama3_8b,rescue,h2o,256,repobench,53.23
llama3_8b,rescue,h2o,256,samsum,40.94
llama3_8b,rescue,h2o,256,trec,67.50
llama3_8b,rescue,h2o,256,triviaqa,91.63
llama3_8b,rescue,h2o,1024,2wikimqa,47.52
llama3_8b,rescue,h2o,1024,gov_report,30.33
llama3_8b,rescue,h2o,1024,hotpotqa,56.98
llama3_8b,rescue,h2o,1024,lcc,64.31
llama3_8b,rescue,h2o,1024,multi_news,26.48
llama3_8b,rescue,h2o,1024,multifieldqa_en,56.40
llama3_8b,rescue,h2o,1024,musique,32.44
llama3_8b,rescue,h2o,1024,narrativeqa,29.81
llama3_8b,rescue,h2o,1024,passage_count,11.58
llama3_8b,rescue,h2o,1024,passage_retrieval_en,100.00
llama3_8b,rescue,h2o,1024,qasper,42.18
llama3_8b,rescue,h2o,1024,qmsum,24.89
llama3_8b,rescue,h2o,1024,repobench,58.25
llama3_8b,rescue,h2o,1024,samsum,42.32
llama3_8b,rescue,h2o,1024,trec,71.00
llama3_8b,rescue,h2o,1024,triviaqa,91.14
llama3_8b,rescue,laprox,128,2wikimqa,46.96
llama3_8b,rescue,laprox,128,gov_report,20.37
llama3_8b,rescue,laprox,128,hotpotqa,55.77
llama3_8b,rescue,laprox,128,lcc,58.08
llama3_8b,rescue,laprox,128,multi_news,19.39
llama3_8b,rescue,laprox,128,multifieldqa_en,52.92
llama3_8b,rescue,laprox,128,musique,29.97
llama3_8b,rescue,laprox,128,narrativeqa,29.23
llama3_8b,rescue,laprox,128,passage_count,12.00
llama3_8b,rescue,laprox,128,passage_retrieval_en,98.50
llama3_8b,rescue,laprox,128,qasper,32.55
llama3_8b,rescue,laprox,128,qmsum,22.97
llama3_8b,rescue,laprox,128,repobench,52.63
llama3_8b,rescue,laprox,128,samsum,40.35
llama3_8b,rescue,laprox,128,trec,54.00
llama3_8b,rescue,laprox,128,triviaqa,89.46
llama3_8b,rescue,laprox,256,2wikimqa,49.10
llama3_8b,rescue,laprox,256,gov_report,22.82
llama3_8b,rescue,laprox,256,hotpotqa,56.73
llama3_8b,rescue,laprox,256,lcc,62.58
llama3_8b,rescue,laprox,256,multi_news,21.71
llama3_8b,rescue,laprox,256,multifieldqa_en,54.05
llama3_8b,rescue,laprox,256,musique,31.27
llama3_8b,rescue,laprox,256,narrativeqa,30.49
llama3_8b,rescue,laprox,256,passage_count,11.80
llama3_8b,rescue,laprox,256,passage_retrieval_en,99.50
llama3_8b,rescue,laprox,256,qasper,36.50
llama3_8b,rescue,laprox,256,qmsum,23.90
llama3_8b,rescue,laprox,256,repobench,56.27
llama3_8b,rescue,laprox,256,samsum,41.78
llama3_8b,rescue,laprox,256,trec,60.50
llama3_8b,rescue,laprox,256,triviaqa,90.96
llama3_8b,rescue,laprox,1024,2wikimqa,48.59
llama3_8b,rescue,laprox,1024,gov_report,27.20
llama3_8b,rescue,laprox,1024,hotpotqa,57.69
llama3_8b,rescue,laprox,1024,lcc,64.68
llama3_8b,rescue,laprox,1024,multi_news,25.57
llama3_8b,rescue,laprox,1024,multifieldqa_en,56.39
llama3_8b,rescue,laprox,1024,musique,32.49
llama3_8b,rescue,laprox,1024,narrativeqa,29.83
llama3_8b,rescue,laprox,1024,passage_count,11.79
llama3_8b,rescue,laprox,1024,passage_retrieval_en,99.50
llama3_8b,rescue,laprox,1024,qasper,43.22
llama3_8b,rescue,laprox,1024,qmsum,24.65
llama3_8b,rescue,laprox,1024,repobench,58.05
llama3_8b,rescue,laprox,1024,samsum,41.91
llama3_8b,rescue,laprox,1024,trec,69.50
llama3_8b,rescue,laprox,1024,triviaqa,91.04
llama3_8b,rescue,lava,128,2wikimqa,47.76
llama3_8b,rescue,lava,128,gov_report,20.47
llama3_8b,rescue,lava,128,hotpotqa,56.89
llama3_8b,rescue,lava,128,lcc,60.07
llama3_8b,rescue,lava,128,multi_news,20.11
llama3_8b,rescue,lava,128,multifieldqa_en,52.35
llama3_8b,rescue,lava,128,musique,29.72
llama3_8b,rescue,lava,128,narrativeqa,29.03
llama3_8b,rescue,lava,128,passage_count,12.00
llama3_8b,rescue,lava,128,passage_retrieval_en,99.25
llama3_8b,rescue,lava,128,qasper,33.37
llama3_8b,rescue,lava,128,qmsum,23.54
llama3_8b,rescue,lava,128,repobench,54.26
llama3_8b,rescue,lava,128,samsum,40.08
llama3_8b,rescue,lava,128,trec,50.50
llama3_8b,rescue,lava,128,triviaqa,90.41
llama3_8b,rescue,lava,256,2wikimqa,48.24
llama3_8b,rescue,lava,256,gov_report,23.23
llama3_8b,rescue,lava,256,hotpotqa,56.65
llama3_8b,rescue,lava,256,lcc,63.07
llama3_8b,rescue,lava,256,multi_news,22.37
llama3_8b,rescue,lava,256,multifieldqa_en,55.05
llama3_8b,rescue,lava,256,musique,31.43
llama3_8b,rescue,lava,256,narrativeqa,29.38
llama3_8b,rescue,lava,256,passage_count,11.71
llama3_8b,rescue,lava,256,passage_retrieval_en,100.00
llama3_8b,rescue,lava,256,qasper,37.77
llama3_8b,rescue,lava,256,qmsum,24.53
llama3_8b,rescue,lava,256,repobench,56.07
llama3_8b,rescue,lava,256,samsum,42.09
llama3_8b,rescue,lava,256,trec,64.00
llama3_8b,rescue,lava,256,triviaqa,91.86
llama3_8b,rescue,lava,1024,2wikimqa,48.35
llama3_8b,rescue,lava,1024,gov_report,27.65
llama3_8b,rescue,lava,1024,hotpotqa,57.24
llama3_8b,rescue,lava,1024,lcc,64.07
llama3_8b,rescue,lava,1024,multi_news,25.56
llama3_8b,rescue,lava,1024,multifieldqa_en,55.26
llama3_8b,rescue,lava,1024,musique,32.17
llama3_8b,rescue,lava,1024,narrativeqa,30.20
llama3_8b,rescue,lava,1024,passage_count,11.58
llama3_8b,rescue,lava,1024,passage_retrieval_en,100.00
llama3_8b,rescue,lava,1024,qasper,43.61
llama3_8b,rescue,lava,1024,qmsum,24.78
llama3_8b,rescue,lava,1024,repobench,58.27
llama3_8b,rescue,lava,1024,samsum,42.65
llama3_8b,rescue,lava,1024,trec,72.00
llama3_8b,rescue,lava,1024,triviaqa,91.49
llama3_8b,rescue,rkv,128,2wikimqa,48.19
llama3_8b,rescue,rkv,128,gov_report,21.12
llama3_8b,rescue,rkv,128,hotpotqa,54.87
llama3_8b,rescue,rkv,128,lcc,59.05
llama3_8b,rescue,rkv,128,multi_news,19.92
llama3_8b,rescue,rkv,128,multifieldqa_en,52.69
llama3_8b,rescue,rkv,128,musique,29.55
llama3_8b,rescue,rkv,128,narrativeqa,28.63
llama3_8b,rescue,rkv,128,passage_count,11.88
llama3_8b,rescue,rkv,128,passage_retrieval_en,99.00
llama3_8b,rescue,rkv,128,qasper,33.25
llama3_8b,rescue,rkv,128,qmsum,22.78
llama3_8b,rescue,rkv,128,repobench,51.56
llama3_8b,rescue,rkv,128,samsum,40.46
llama3_8b,rescue,rkv,128,trec,61.00
llama3_8b,rescue,rkv,128,triviaqa,90.98
llama3_8b,rescue,rkv,256,2wikimqa,47.79
llama3_8b,rescue,rkv,256,gov_report,23.55
llama3_8b,rescue,rkv,256,hotpotqa,56.30
llama3_8b,rescue,rkv,256,lcc,61.31
llama3_8b,rescue,rkv,256,multi_news,22.69
llama3_8b,rescue,rkv,256,multifieldqa_en,55.06
llama3_8b,rescue,rkv,256,musique,31.59
llama3_8b,rescue,rkv,256,narrativeqa,29.47
llama3_8b,rescue,rkv,256,passage_count,11.67
llama3_8b,rescue,rkv,256,passage_retrieval_en,100.00
llama3_8b,rescue,rkv,256,qasper,36.33
llama3_8b,rescue,rkv,256,qmsum,23.61
llama3_8b,rescue,rkv,256,repobench,54.14
llama3_8b,rescue,rkv,256,samsum,41.80
llama3_8b,rescue,rkv,256,trec,65.50
llama3_8b,rescue,rkv,256,triviaqa,91.53
llama3_8b,rescue,rkv,1024,2wikimqa,47.72
llama3_8b,rescue,rkv,1024,gov_report,28.46
llama3_8b,rescue,rkv,1024,hotpotqa,57.13
llama3_8b,rescue,rkv,1024,lcc,63.61
llama3_8b,rescue,rkv,1024,multi_news,25.70
llama3_8b,rescue,rkv,1024,multifieldqa_en,55.95
llama3_8b,rescue,rkv,1024,musique,32.40
llama3_8b,rescue,rkv,1024,narrativeqa,29.13
llama3_8b,rescue,rkv,1024,passage_count,11.62
llama3_8b,rescue,rkv,1024,passage_retrieval_en,99.50
llama3_8b,rescue,rkv,1024,qasper,43.15
llama3_8b,rescue,rkv,1024,qmsum,24.75
llama3_8b,rescue,rkv,1024,repobench,57.41
llama3_8b,rescue,rkv,1024,samsum,42.88
llama3_8b,rescue,rkv,1024,trec,71.50
llama3_8b,rescue,rkv,1024,triviaqa,91.72
llama3_8b,rescue,snapkv,128,2wikimqa,47.07
llama3_8b,rescue,snapkv,128,gov_report,20.36
llama3_8b,rescue,snapkv,128,hotpotqa,57.21
llama3_8b,rescue,snapkv,128,lcc,59.12
llama3_8b,rescue,snapkv,128,multi_news,19.61
llama3_8b,rescue,snapkv,128,multifieldqa_en,52.32
llama3_8b,rescue,snapkv,128,musique,30.25
llama3_8b,rescue,snapkv,128,narrativeqa,28.10
llama3_8b,rescue,snapkv,128,passage_count,11.80
llama3_8b,rescue,snapkv,128,passage_retrieval_en,98.50
llama3_8b,rescue,snapkv,128,qasper,32.47
llama3_8b,rescue,snapkv,128,qmsum,23.00
llama3_8b,rescue,snapkv,128,repobench,52.76
llama3_8b,rescue,snapkv,128,samsum,40.56
llama3_8b,rescue,snapkv,128,trec,52.50
llama3_8b,rescue,snapkv,128,triviaqa,90.27
llama3_8b,rescue,snapkv,256,2wikimqa,49.73
llama3_8b,rescue,snapkv,256,gov_report,22.55
llama3_8b,rescue,snapkv,256,hotpotqa,57.16
llama3_8b,rescue,snapkv,256,lcc,61.69
llama3_8b,rescue,snapkv,256,multi_news,22.45
llama3_8b,rescue,snapkv,256,multifieldqa_en,53.44
llama3_8b,rescue,snapkv,256,musique,31.18
llama3_8b,rescue,snapkv,256,narrativeqa,29.64
llama3_8b,rescue,snapkv,256,passage_count,12.08
llama3_8b,rescue,snapkv,256,passage_retrieval_en,99.50
llama3_8b,rescue,snapkv,256,qasper,37.13
llama3_8b,rescue,snapkv,256,qmsum,24.02
llama3_8b,rescue,snapkv,256,repobench,54.96
llama3_8b,rescue,snapkv,256,samsum,41.11
llama3_8b,rescue,snapkv,256,trec,59.00
llama3_8b,rescue,snapkv,256,triviaqa,91.53
llama3_8b,rescue,snapkv,1024,2wikimqa,48.62
llama3_8b,rescue,snapkv,1024,gov_report,27.10
llama3_8b,rescue,snapkv,1024,hotpotqa,57.41
llama3_8b,rescue,snapkv,1024,lcc,63.74
llama3_8b,rescue,snapkv,1024,multi_news,25.36
llama3_8b,rescue,snapkv,1024,multifieldqa_en,56.00
llama3_8b,rescue,snapkv,1024,musique,32.06
llama3_8b,rescue,snapkv,1024,narrativeqa,30.16
llama3_8b,rescue,snapkv,1024,passage_count,11.71
llama3_8b,rescue,snapkv,1024,passage_retrieval_en,100.00
llama3_8b,rescue,snapkv,1024,qasper,42.51
llama3_8b,rescue,snapkv,1024,qmsum,24.97
llama3_8b,rescue,snapkv,1024,repobench,58.17
llama3_8b,rescue,snapkv,1024,samsum,42.12
llama3_8b,rescue,snapkv,1024,trec,69.50
llama3_8b,rescue,snapkv,1024,triviaqa,91.77
llama3_8b,rescue_ungated,h2o,128,2wikimqa,46.64
llama3_8b,rescue_ungated,h2o,128,gov_report,20.64
llama3_8b,rescue_ungated,h2o,128,hotpotqa,55.44
llama3_8b,rescue_ungated,h2o,128,lcc,58.77
llama3_8b,rescue_ungated,h2o,128,multi_news,21.51
llama3_8b,rescue_ungated,h2o,128,multifieldqa_en,50.24
llama3_8b,rescue_ungated,h2o,128,musique,30.48
llama3_8b,rescue_ungated,h2o,128,narrativeqa,30.77
llama3_8b,rescue_ungated,h2o,128,passage_count,12.00
llama3_8b,rescue_ungated,h2o,128,passage_retrieval_en,99.50
llama3_8b,rescue_ungated,h2o,128,qasper,30.65
llama3_8b,rescue_ungated,h2o,128,qmsum,22.89
llama3_8b,rescue_ungated,h2o,128,repobench,52.19
llama3_8b,rescue_ungated,h2o,128,samsum,40.06
llama3_8b,rescue_ungated,h2o,128,trec,50.00
llama3_8b,rescue_ungated,h2o,128,triviaqa,90.24
llama3_8b,rescue_ungated,laprox,128,2wikimqa,47.16
llama3_8b,rescue_ungated,laprox,128,gov_report,20.53
llama3_8b,rescue_ungated,laprox,128,hotpotqa,56.37
llama3_8b,rescue_ungated,laprox,128,lcc,55.87
llama3_8b,rescue_ungated,laprox,128,multi_news,18.96
llama3_8b,rescue_ungated,laprox,128,multifieldqa_en,52.87
llama3_8b,rescue_ungated,laprox,128,musique,30.25
llama3_8b,rescue_ungated,laprox,128,narrativeqa,29.38
llama3_8b,rescue_ungated,laprox,128,passage_count,12.00
llama3_8b,rescue_ungated,laprox,128,passage_retrieval_en,99.00
llama3_8b,rescue_ungated,laprox,128,qasper,34.82
llama3_8b,rescue_ungated,laprox,128,qmsum,23.14
llama3_8b,rescue_ungated,laprox,128,repobench,49.03
llama3_8b,rescue_ungated,laprox,128,samsum,36.82
llama3_8b,rescue_ungated,laprox,128,trec,53.50
llama3_8b,rescue_ungated,laprox,128,triviaqa,90.43
llama3_8b,rescue_ungated,lava,128,2wikimqa,47.84
llama3_8b,rescue_ungated,lava,128,gov_report,20.79
llama3_8b,rescue_ungated,lava,128,hotpotqa,56.71
llama3_8b,rescue_ungated,lava,128,lcc,59.00
llama3_8b,rescue_ungated,lava,128,multi_news,19.89
llama3_8b,rescue_ungated,lava,128,multifieldqa_en,53.20
llama3_8b,rescue_ungated,lava,128,musique,30.20
llama3_8b,rescue_ungated,lava,128,narrativeqa,28.98
llama3_8b,rescue_ungated,lava,128,passage_count,12.00
llama3_8b,rescue_ungated,lava,128,passage_retrieval_en,99.00
llama3_8b,rescue_ungated,lava,128,qasper,34.93
llama3_8b,rescue_ungated,lava,128,qmsum,23.63
llama3_8b,rescue_ungated,lava,128,repobench,52.57
llama3_8b,rescue_ungated,lava,128,samsum,38.53
llama3_8b,rescue_ungated,lava,128,trec,49.00
llama3_8b,rescue_ungated,lava,128,triviaqa,88.92
llama3_8b,rescue_ungated,rkv,128,2wikimqa,47.49
llama3_8b,rescue_ungated,rkv,128,gov_report,21.12
llama3_8b,rescue_ungated,rkv,128,hotpotqa,55.10
llama3_8b,rescue_ungated,rkv,128,lcc,56.13
llama3_8b,rescue_ungated,rkv,128,multi_news,19.62
llama3_8b,rescue_ungated,rkv,128,multifieldqa_en,53.40
llama3_8b,rescue_ungated,rkv,128,musique,28.89
llama3_8b,rescue_ungated,rkv,128,narrativeqa,29.30
llama3_8b,rescue_ungated,rkv,128,passage_count,11.88
llama3_8b,rescue_ungated,rkv,128,passage_retrieval_en,99.00
llama3_8b,rescue_ungated,rkv,128,qasper,34.34
llama3_8b,rescue_ungated,rkv,128,qmsum,23.39
llama3_8b,rescue_ungated,rkv,128,repobench,49.37
llama3_8b,rescue_ungated,rkv,128,samsum,37.45
llama3_8b,rescue_ungated,rkv,128,trec,52.00
llama3_8b,rescue_ungated,rkv,128,triviaqa,90.90
llama3_8b,rescue_ungated,snapkv,128,2wikimqa,47.16
llama3_8b,rescue_ungated,snapkv,128,gov_report,20.84
llama3_8b,rescue_ungated,snapkv,128,hotpotqa,56.37
llama3_8b,rescue_ungated,snapkv,128,lcc,57.63
llama3_8b,rescue_ungated,snapkv,128,multi_news,19.68
llama3_8b,rescue_ungated,snapkv,128,multifieldqa_en,52.20
llama3_8b,rescue_ungated,snapkv,128,musique,31.29
llama3_8b,rescue_ungated,snapkv,128,narrativeqa,28.79
llama3_8b,rescue_ungated,snapkv,128,passage_count,11.80
llama3_8b,rescue_ungated,snapkv,128,passage_retrieval_en,98.00
llama3_8b,rescue_ungated,snapkv,128,qasper,33.38
llama3_8b,rescue_ungated,snapkv,128,qmsum,23.09
llama3_8b,rescue_ungated,snapkv,128,repobench,50.79
llama3_8b,rescue_ungated,snapkv,128,samsum,36.52
llama3_8b,rescue_ungated,snapkv,128,trec,48.50
llama3_8b,rescue_ungated,snapkv,128,triviaqa,90.24
llama3_8b,seed1,h2o,128,lcc,59.19
llama3_8b,seed1,h2o,128,qasper,29.94
llama3_8b,seed1,h2o,128,trec,62.50
llama3_8b,seed1,rkv,128,lcc,59.27
llama3_8b,seed1,rkv,128,qasper,31.10
llama3_8b,seed1,rkv,128,trec,61.00
llama3_8b,seed2,h2o,128,lcc,58.60
llama3_8b,seed2,h2o,128,qasper,32.61
llama3_8b,seed2,h2o,128,trec,64.00
llama3_8b,seed2,rkv,128,lcc,59.91
llama3_8b,seed2,rkv,128,qasper,32.83
llama3_8b,seed2,rkv,128,trec,61.00
mistral_7b,base,h2o,128,2wikimqa,31.75
mistral_7b,base,h2o,128,gov_report,25.42
mistral_7b,base,h2o,128,hotpotqa,43.99
mistral_7b,base,h2o,128,lcc,54.93
mistral_7b,base,h2o,128,multi_news,23.14
mistral_7b,base,h2o,128,multifieldqa_en,34.84
mistral_7b,base,h2o,128,musique,22.51
mistral_7b,base,h2o,128,narrativeqa,21.84
mistral_7b,base,h2o,128,passage_count,4.00
mistral_7b,base,h2o,128,passage_retrieval_en,64.50
mistral_7b,base,h2o,128,qasper,25.35
mistral_7b,base,h2o,128,qmsum,21.64
mistral_7b,base,h2o,128,repobench,52.16
mistral_7b,base,h2o,128,samsum,39.04
mistral_7b,base,h2o,128,trec,66.00
mistral_7b,base,h2o,128,triviaqa,84.97
mistral_7b,base,laprox,128,2wikimqa,34.83
mistral_7b,base,laprox,128,gov_report,20.99
mistral_7b,base,laprox,128,hotpotqa,48.97
mistral_7b,base,laprox,128,lcc,56.66
mistral_7b,base,laprox,128,multi_news,19.96
mistral_7b,base,laprox,128,multifieldqa_en,47.23
mistral_7b,base,laprox,128,musique,25.20
mistral_7b,base,laprox,128,narrativeqa,24.74
mistral_7b,base,laprox,128,passage_count,5.50
mistral_7b,base,laprox,128,passage_retrieval_en,89.50
mistral_7b,base,laprox,128,qasper,24.05
mistral_7b,base,laprox,128,qmsum,22.58
mistral_7b,base,laprox,128,repobench,54.83
mistral_7b,base,laprox,128,samsum,43.35
mistral_7b,base,laprox,128,trec,53.00
mistral_7b,base,laprox,128,triviaqa,89.08
mistral_7b,base,lava,128,2wikimqa,34.28
mistral_7b,base,lava,128,gov_report,21.98
mistral_7b,base,lava,128,hotpotqa,47.14
mistral_7b,base,lava,128,lcc,57.14
mistral_7b,base,lava,128,multi_news,20.49
mistral_7b,base,lava,128,multifieldqa_en,46.41
mistral_7b,base,lava,128,musique,24.39
mistral_7b,base,lava,128,narrativeqa,23.62
mistral_7b,base,lava,128,passage_count,4.00
mistral_7b,base,lava,128,passage_retrieval_en,90.50
mistral_7b,base,lava,128,qasper,26.29
mistral_7b,base,lava,128,qmsum,22.50
mistral_7b,base,lava,128,repobench,56.65
mistral_7b,base,lava,128,samsum,43.84
mistral_7b,base,lava,128,trec,52.50
mistral_7b,base,lava,128,triviaqa,89.04
mistral_7b,base,rkv,128,2wikimqa,33.74
mistral_7b,base,rkv,128,gov_report,22.52
mistral_7b,base,rkv,128,hotpotqa,46.36
mistral_7b,base,rkv,128,lcc,55.77
mistral_7b,base,rkv,128,multi_news,20.64
mistral_7b,base,rkv,128,multifieldqa_en,47.30
mistral_7b,base,rkv,128,musique,24.47
mistral_7b,base,rkv,128,narrativeqa,23.91
mistral_7b,base,rkv,128,passage_count,4.50
mistral_7b,base,rkv,128,passage_retrieval_en,86.50
mistral_7b,base,rkv,128,qasper,28.97
mistral_7b,base,rkv,128,qmsum,22.78
mistral_7b,base,rkv,128,repobench,53.70
mistral_7b,base,rkv,128,samsum,42.86
mistral_7b,base,rkv,128,trec,67.00
mistral_7b,base,rkv,128,triviaqa,88.94
mistral_7b,base,snapkv,128,2wikimqa,32.63
mistral_7b,base,snapkv,128,gov_report,20.95
mistral_7b,base,snapkv,128,hotpotqa,46.09
mistral_7b,base,snapkv,128,lcc,55.60
mistral_7b,base,snapkv,128,multi_news,19.61
mistral_7b,base,snapkv,128,multifieldqa_en,42.69
mistral_7b,base,snapkv,128,musique,21.08
mistral_7b,base,snapkv,128,narrativeqa,21.73
mistral_7b,base,snapkv,128,passage_count,5.00
mistral_7b,base,snapkv,128,passage_retrieval_en,91.50
mistral_7b,base,snapkv,128,qasper,23.70
mistral_7b,base,snapkv,128,qmsum,21.82
mistral_7b,base,snapkv,128,repobench,54.60
mistral_7b,base,snapkv,128,samsum,42.59
mistral_7b,base,snapkv,128,trec,44.50
mistral_7b,base,snapkv,128,triviaqa,89.53
mistral_7b,dense,,0,2wikimqa,38.92
mistral_7b,dense,,0,gov_report,34.25
mistral_7b,dense,,0,hotpotqa,50.59
mistral_7b,dense,,0,lcc,61.60
mistral_7b,dense,,0,multi_news,26.59
mistral_7b,dense,,0,multifieldqa_en,50.62
mistral_7b,dense,,0,musique,28.75
mistral_7b,dense,,0,narrativeqa,26.95
mistral_7b,dense,,0,passage_count,7.00
mistral_7b,dense,,0,passage_retrieval_en,98.00
mistral_7b,dense,,0,qasper,38.47
mistral_7b,dense,,0,qmsum,25.78
mistral_7b,dense,,0,repobench,62.84
mistral_7b,dense,,0,samsum,47.79
mistral_7b,dense,,0,trec,76.00
mistral_7b,dense,,0,triviaqa,88.89
mistral_7b,rescue,laprox,128,multi_news,20.13
qwen3_8b,base,h2o,128,2wikimqa,36.55
qwen3_8b,base,h2o,128,gov_report,25.86
qwen3_8b,base,h2o,128,hotpotqa,50.49
qwen3_8b,base,h2o,128,lcc,63.43
qwen3_8b,base,h2o,128,multi_news,21.09
qwen3_8b,base,h2o,128,multifieldqa_en,35.56
qwen3_8b,base,h2o,128,musique,27.02
qwen3_8b,base,h2o,128,narrativeqa,18.11
qwen3_8b,base,h2o,128,passage_count,2.00
qwen3_8b,base,h2o,128,passage_retrieval_en,64.00
qwen3_8b,base,h2o,128,qasper,32.54
qwen3_8b,base,h2o,128,qmsum,20.98
qwen3_8b,base,h2o,128,repobench,56.04
qwen3_8b,base,h2o,128,samsum,37.39
qwen3_8b,base,h2o,128,trec,59.00
qwen3_8b,base,h2o,128,triviaqa,83.49
qwen3_8b,base,laprox,128,2wikimqa,40.46
qwen3_8b,base,laprox,128,gov_report,17.25
qwen3_8b,base,laprox,128,hotpotqa,55.24
qwen3_8b,base,laprox,128,lcc,64.69
qwen3_8b,base,laprox,128,multi_news,16.12
qwen3_8b,base,laprox,128,multifieldqa_en,51.66
qwen3_8b,base,laprox,128,musique,28.84
qwen3_8b,base,laprox,128,narrativeqa,19.23
qwen3_8b,base,laprox,128,passage_count,2.50
qwen3_8b,base,laprox,128,passage_retrieval_en,97.00
qwen3_8b,base,laprox,128,qasper,32.58
qwen3_8b,base,laprox,128,qmsum,20.89
qwen3_8b,base,laprox,128,repobench,58.89
qwen3_8b,base,laprox,128,samsum,39.70
qwen3_8b,base,laprox,128,trec,56.00
qwen3_8b,base,laprox,128,triviaqa,89.70
qwen3_8b,base,lava,128,2wikimqa,39.86
qwen3_8b,base,lava,128,gov_report,18.77
qwen3_8b,base,lava,128,hotpotqa,56.42
qwen3_8b,base,lava,128,lcc,65.96
qwen3_8b,base,lava,128,multi_news,16.59
qwen3_8b,base,lava,128,multifieldqa_en,47.98
qwen3_8b,base,lava,128,musique,27.42
qwen3_8b,base,lava,128,narrativeqa,19.98
qwen3_8b,base,lava,128,passage_count,5.00
qwen3_8b,base,lava,128,passage_retrieval_en,99.00
qwen3_8b,base,lava,128,qasper,32.80
qwen3_8b,base,lava,128,qmsum,21.08
qwen3_8b,base,lava,128,repobench,59.55
qwen3_8b,base,lava,128,samsum,39.09
qwen3_8b,base,lava,128,trec,53.00
qwen3_8b,base,lava,128,triviaqa,88.75
qwen3_8b,base,rkv,128,2wikimqa,39.17
qwen3_8b,base,rkv,128,gov_report,20.28
qwen3_8b,base,rkv,128,hotpotqa,55.14
qwen3_8b,base,rkv,128,lcc,62.95
qwen3_8b,base,rkv,128,multi_news,17.25
qwen3_8b,base,rkv,128,multifieldqa_en,44.09
qwen3_8b,base,rkv,128,musique,28.58
qwen3_8b,base,rkv,128,narrativeqa,19.96
qwen3_8b,base,rkv,128,passage_count,4.00
qwen3_8b,base,rkv,128,passage_retrieval_en,59.50
qwen3_8b,base,rkv,128,qasper,33.51
qwen3_8b,base,rkv,128,qmsum,20.65
qwen3_8b,base,rkv,128,repobench,56.60
qwen3_8b,base,rkv,128,samsum,39.57
qwen3_8b,base,rkv,128,trec,66.00
qwen3_8b,base,rkv,128,triviaqa,88.33
qwen3_8b,base,snapkv,128,2wikimqa,40.38
qwen3_8b,base,snapkv,128,gov_report,17.36
qwen3_8b,base,snapkv,128,hotpotqa,55.30
qwen3_8b,base,snapkv,128,lcc,64.41
qwen3_8b,base,snapkv,128,multi_news,16.05
qwen3_8b,base,snapkv,128,multifieldqa_en,46.25
qwen3_8b,base,snapkv,128,musique,26.03
qwen3_8b,base,snapkv,128,narrativeqa,18.79
qwen3_8b,base,snapkv,128,passage_count,3.00
qwen3_8b,base,snapkv,128,passage_retrieval_en,97.00
qwen3_8b,base,snapkv,128,qasper,31.13
qwen3_8b,base,snapkv,128,qmsum,20.43
qwen3_8b,base,snapkv,128,repobench,58.12
qwen3_8b,base,snapkv,128,samsum,38.71
qwen3_8b,base,snapkv,128,trec,52.00
qwen3_8b,base,snapkv,128,triviaqa,88.93
qwen3_8b,dense,,0,2wikimqa,43.29
qwen3_8b,dense,,0,gov_report,33.60
qwen3_8b,dense,,0,hotpotqa,58.93
qwen3_8b,dense,,0,lcc,69.05
qwen3_8b,dense,,0,multi_news,24.83
qwen3_8b,dense,,0,multifieldqa_en,53.87
qwen3_8b,dense,,0,musique,35.26
qwen3_8b,dense,,0,narrativeqa,26.36
qwen3_8b,dense,,0,passage_count,2.00
qwen3_8b,dense,,0,passage_retrieval_en,100.00
qwen3_8b,dense,,0,qasper,48.26
qwen3_8b,dense,,0,qmsum,23.99
qwen3_8b,dense,,0,repobench,65.26
qwen3_8b,dense,,0,samsum,44.01
qwen3_8b,dense,,0,trec,71.50
qwen3_8b,dense,,0,triviaqa,90.71
qwen3_8b,rescue,snapkv,128,2wikimqa,40.84
qwen3_8b,rescue,snapkv,128,gov_report,18.50
qwen3_8b,rescue,snapkv,128,hotpotqa,55.25
qwen3_8b,rescue,snapkv,128,lcc,64.15
qwen3_8b,rescue,snapkv,128,multi_news,16.45
qwen3_8b,rescue,snapkv,128,multifieldqa_en,46.87
qwen3_8b,rescue,snapkv,128,musique,27.19
qwen3_8b,rescue,snapkv,128,narrativeqa,20.08
qwen3_8b,rescue,snapkv,128,passage_count,4.00
qwen3_8b,rescue,snapkv,128,passage_retrieval_en,97.00
qwen3_8b,rescue,snapkv,128,qasper,32.41
qwen3_8b,rescue,snapkv,128,qmsum,20.77
qwen3_8b,rescue,snapkv,128,repobench,58.02
qwen3_8b,rescue,snapkv,128,samsum,38.67
qwen3_8b,rescue,snapkv,128,trec,52.50
qwen3_8b,rescue,snapkv,128,triviaqa,88.76
